comment,desc,title
0条点评,整套出租/1室0厅/1张床/宜住2人,智能门锁 日式风情 经典碧绿蓝色情侣大床房
3条点评,整套出租/1室1厅/1张床/宜住2人,【梵高先生】麦田 极米投影大床房
2条点评,整套出租/1室1厅/1张床/宜住2人,【缘宿】邂逅南站机场北美N1红灯笼投影大床房
5分/5条点评,整套出租/2室1厅/2张床/宜住4人,春树暮云位于市中心，地理位置优越，交通便利。
2条点评,整套出租/1室0厅/1张床/宜住2人,智能门锁 精装修复试简约公寓 情侣大床房
4.9分/24条点评,整套出租/1室0厅/1张床/宜住2人,【艺宿公寓】北欧风格大床房/高铁南站、飞机场
4.9分/8条点评,整套出租/3室2厅/3张床/宜住6人,【新房大促】富力城辰栖谷欧式阔景双卫大三居
5分/12条点评,整套出租/1室0厅/1张床/宜住2人,【缘宿】幻影 智能灯控投影大床房
1条点评,整套出租/1室0厅/1张床/宜住2人,雨竹情小资情调
0条点评,独立单间/1张床/宜住2人,太原南站山大财经大学机场阳光草坪大床房整租
0条点评,整套出租/1室0厅/1张床/宜住2人,智能门锁精装公寓 北欧风格简约情侣大床房
0条点评,整套出租/1室1厅/1张床/宜住2人,紧邻胜利桥东美特好超市，阳光充沛
3条点评,整套出租/1室0厅/1张床/宜住2人,壹壹民宿工业风公寓（近西客站、下元、理工大）
0条点评,整套出租/1室0厅/1张床/宜住2人,特惠：久一公寓50 ㎡整套公寓紧邻西客站
2条点评,整套出租/2室1厅/2张床铺/宜住4人,大医院红灯笼机场南站Loft落地大窗双卧
1条点评,整套出租/1室0厅/1张床/宜住2人,山西大学 『念念』精品民宿 太原南站 含发票
0条点评,整套出租/2室1厅/2张床铺/宜住4人,体育场大医院机场南站Loft双卧大床房
0条点评,整套出租/1室0厅/1张床/宜住2人,山西大学 『念念』精品民宿 太原南站 含发票
4.8分/17条点评,整套出租/2室1厅/2张床/宜住4人,富力城温馨民宿   智能门锁   近火车站
4.8分/18条点评,整套出租/1室1厅/1张床/宜住2人,N1蜗牛公寓•云水清新雅居
0条点评,独立单间/2张床/宜住2人,机场南站棋牌房‖北欧小情调‖接送机服务
0条点评,整套出租/1室0厅/1张床/宜住2人,山西大学 『念念』精品民宿 太原南站 含发票
5分/49条点评,整套出租/2室1厅/2张床/宜住4人,东中环 北中环 富力城启栖谷 怡佳民宿
1条点评,整套出租/1室0厅/1张床/宜住2人,壹壹美式电动床（比邻理工大下元西客站）
5分/32条点评,独立单间/1张床/宜住1人,免费提供水果的温馨之家
4.9分/18条点评,整套出租/3室1厅/3张床/宜住6人,恒大3居麻将房【5分钟步行到达购物中心】
4.9分/31条点评,整套出租/1室0厅/1张床/宜住2人,精品豪华房，日租，月租，年租
1条点评,整套出租/1室0厅/1张床/宜住2人,下元公元时代城实木家具情侣住房智能密码锁
5分/5条点评,整套出租/1室1厅/1张床/宜住2人,下元理工大私密情侣空间星级公寓智能门锁27
3条点评,整套出租/1室0厅/1张床/宜住2人,壹壹简约欧式一居室近（ 下元、理工大）
4.8分/17条点评,整套出租/1室0厅/1张床/宜住2人,北美新天地南地中海大床房
0条点评,整套出租/2室1厅/2张榻榻米/宜住4人,太原站地中海复式楼中楼双榻榻米四人间
5分/7条点评,整套出租/1室1厅/2张床/宜住4人,太原火车站田园风复式楼中楼双榻榻米大床房
3条点评,独立单间/1张床/宜住2人,太原南站、山西大学财经大学、机场阳光草坪大床
0条点评,整套出租/1室0厅/1张床/宜住2人,临近下元公交总站简约风格情侣公寓1003
1条点评,整套出租/1室1厅/2张床/宜住4人,太原站高层复式楼中楼轻奢四人榻榻米麻将大床房
0条点评,整套出租/2室1厅/2张床/宜住4人,南中环智能影院两室一厅
4.6分/21条点评,整套出租/2室1厅/3张床/宜住6人,恒大绿洲两居室红灯笼体育场
4.9分/13条点评,整套出租/1室1厅/2张床/宜住4人,旅游达人的阳光公寓
4.9分/5条点评,整套出租/1室0厅/1张床/宜住2人,智能门锁 田园风格精装修 简约情侣大床房
0条点评,整套出租/1室0厅/1张床/宜住2人,太原之家-白色恋人
4.9分/5条点评,整套出租/1室0厅/1张床/宜住2人,下元理工大私密情侣空间星级公寓
1条点评,整套出租/1室0厅/1张床/宜住2人,智能门锁 现代风格中式情侣大床房
0条点评,整套出租/1室0厅/1张床/宜住2人,一居室/近南站/机场/财经/工商/师范学院
5分/5条点评,整套出租/2室1厅/2张床/宜住4人,北美N1 蜗牛公寓，临近N1商场，山大，财大
0条点评,整套出租/1室0厅/1张床/宜住2人,【慕闲小筑】下元公元时代城精典民宿自助入住
0条点评,整套出租/1室1厅/1张床/宜住2人,下元大槐树榻榻米舒适大床智能门锁2226
0条点评,整套出租/1室0厅/1张床/宜住2人,一居室||近南站/机场/财经/师范/工商学院
3条点评,整套出租/1室0厅/1张床/宜住2人,下元公元时代城田园情侣住房智能密码锁604
4.9分/48条点评,整套出租/1室0厅/1张床/宜住2人,北美新天地美式乡村影院房
3条点评,整套出租/2室1厅/2张床/宜住4人,市中心火车站省人民医院玲珑琚棋牌房2居室
5分/8条点评,整套出租/1室1厅/1张榻榻米/宜住2人,太原火车站复式楼中楼欧式双人榻榻米大床房
3条点评,整套出租/1室0厅/1张床/宜住2人,壹壹民宿风新中式一居室(迎泽西大街西客站西）
5分/7条点评,整套出租/1室1厅/1张床/宜住2人,晋阳街北美N1南站【依舍公寓】情侣大床房
4.9分/11条点评,整套出租/1室0厅/1张床/宜住2人,迎泽大街柳巷口盘古一号国际民宿温暖大床房
2条点评,整套出租/1室0厅/2张床/宜住2人,近N1【顺牛＆民宿】【家庭房】豪华欧式独居室
3条点评,整套出租/1室1厅/2张床铺/宜住2人,未晚公寓 柳巷民族风吊床投影房
5分/14条点评,整套出租/1室1厅/2张床/宜住2人,北美新天地南童梦奇缘套房
0条点评,整套出租/1室0厅/1张床/宜住2人,N1蜗牛公寓•云水豪华商务大床房
1条点评,整套出租/1室0厅/1张床/宜住2人,近N1【顺牛＆民宿】【经典】豪华欧式独居室
1条点评,整套出租/1室0厅/1张床/宜住2人,近N1【顺牛＆民宿】【绿色】豪华欧式独居室
1条点评,整套出租/2室1厅/2张床/宜住4人,新房源•小店恒大绿洲/近机场/高速口北欧两居
5分/11条点评,整套出租/2室1厅/2张床/宜住4人,蜗牛公寓•北美金棕榈精品两居
0条点评,整套出租/1室0厅/2张床/宜住2人,太原南站附近安静的双床房整租
3条点评,整套出租/1室0厅/1张床/宜住2人,太原北美N1【依舍公寓】简约时尚大床房
1条点评,整套出租/4室2厅/5张床/宜住8人,晋祠公园 小别墅 阳光充沛 四室一厅
1条点评,整套出租/1室0厅/1张床/宜住2人,壹壹星空影院（投影、星空顶）科大，迎泽西大街
4.7分/22条点评,整套出租/1室1厅/1张床/宜住2人,北美新天地旁地中海影院房
2条点评,整套出租/1室0厅/1张床/宜住2人,下元商业中心精品公寓白沙堤影院房
0条点评,整套出租/1室1厅/1张床/宜住2人,影居生日主题，工商财大华商对面临近机场南站
4.8分/8条点评,整套出租/2室1厅/2张床/宜住4人,晋阳街北美N1南站【依舍公寓】温馨两居室
5分/5条点评,整套出租/1室1厅/1张床/宜住2人,下元蓝色经典忧郁之恋智能门锁07
0条点评,整套出租/1室1厅/1张床/宜住2人,下元商业中心精品公寓流萤纷飞
1条点评,整套出租/1室0厅/1张床/宜住2人,长风街和信旁逸时光涯雨Ⅲ
5分/30条点评,整套出租/1室0厅/1张床/宜住2人,迎泽大街柳巷口盘古一号民宿公寓温馨大床房
0条点评,整套出租/2室1厅/2张床/宜住4人,「花间棠」万象城/长风商务区文雅两居室
0条点评,整套出租/1室0厅/1张床/宜住2人,近N1【顺牛＆民宿】【吊篮椅】豪华欧式独居室
1条点评,整套出租/1室0厅/1张床/宜住2人,近机场南站，财大师范工商，可做饭，落地大窗房
5分/13条点评,整套出租/2室0厅/2张床/宜住3人,【瑜家公寓】太原北美N1豪华套间
0条点评,整套出租/2室1厅/2张床/宜住4人,近南站，近机场，近山大财大北欧ins剧幕风
0条点评,整套出租/1室0厅/1张床/宜住2人,下元商业中心精品公寓摩洛哥之路
1条点评,整套出租/1室1厅/1张床/宜住4人,近北美、天美、茂业、王府井「沁馨」清新房
2条点评,整套出租/2室1厅/2张床/宜住4人,北城安静舒适，阳光大床房整租
0条点评,整套出租/1室1厅/1张床/宜住2人,清馨雅阁高新区、北美N1、山大财大一室一厅
0条点评,整套出租/1室0厅/1张床/宜住2人,下元中心东方美新派loft风格大床房
4.8分/12条点评,整套出租/2室1厅/2张床/宜住4人,新房特惠温馨两居室北美N1大医院简约风格
4.9分/15条点评,整套出租/2室2厅/2张床/宜住2人,【缘宿】北美N1 日式清新风、简约创意大空间
1条点评,整套出租/1室0厅/1张床/宜住2人,下元公交总站对面，智诚俊景公寓，情侣大床房
2条点评,整套出租/1室0厅/1张床/宜住2人,南站｜机场温馨阳光大床房整租（智能门锁）
0条点评,整套出租/1室0厅/1张床/宜住2人,下元商业中心精品公寓沐云影院房
0条点评,整套出租/1室0厅/1张床/宜住2人,壹壹意式宫廷风一居室（迎泽西大街西客站）
4.8分/12条点评,整套出租/1室1厅/1张床/宜住2人,阳光大床房，日租，月租，年租
0条点评,整套出租/1室0厅/1张床/宜住2人,下元商业中心精品公寓月带圆影
1条点评,整套出租/1室0厅/1张床/宜住2人,下元商业中心精品公寓机械姬影院房
2条点评,整套出租/2室1厅/2张床/宜住4人,太原市近万象城欧洋北欧两居室
0条点评,整套出租/1室0厅/1张床/宜住2人,壹壹简约北欧一居室(近西理工大、下元商贸）
5分/5条点评,整套出租/1室0厅/1张床/宜住2人,太原南站红袖添香一室带厨房南站机场可接
1条点评,整套出租/1室0厅/1张床/宜住2人,南站｜机场店阳光大床房整租（智能门锁）
4.9分/35条点评,整套出租/1室1厅/1张床/宜住2人,水周之）设计师home简约北欧影音房近王府井
0条点评,整套出租/1室1厅/1张床/宜住2人,下元中心独立公寓东方美中式风格大床房
4.8分/24条点评,整套出租/1室1厅/1张床/宜住2人,北美新天地南150米地中海风格
0条点评,整套出租/1室0厅/1张床/宜住2人,万象城附近逸时光之蓝月湾8
0条点评,整套出租/1室0厅/1张床/宜住2人,下元公元时代城LOft小公寓精装智能门锁
4.8分/5条点评,整套出租/1室0厅/1张床/宜住2人,晋阳街北美N1南站【依舍公寓】时尚大床房
3条点评,整套出租/1室0厅/1张床/宜住2人,桃红色经典日式简约大床房 高端配置 温馨雅居
2条点评,整套出租/1室0厅/1张床/宜住2人,智能门锁，黄金色精装公寓 日式简约情侣大床房
4.9分/9条点评,整套出租/1室0厅/1张床/宜住2人,暑期特促！太原南站火车站/机场长风街商圈大床
1条点评,整套出租/1室0厅/1张床/宜住2人,【太原之家】新巴黎（新房优惠）下元商圈。
4.6分/30条点评,整套出租/1室1厅/1张床/宜住2人,北美新天地 轻奢微情趣 影视大床房
5分/4条点评,独立单间/1张床/宜住2人,下元理工大公交总站现代茶城对面清新禅意大床房
0条点评,整套出租/2室1厅/2张床/宜住4人,巢寓  恒大绿洲智能家居影院商务房1
4.9分/4条点评,整套出租/1室1厅/1张床/宜住2人,火车站省人民医院玲珑居精装小屋
1条点评,独立单间/1张床/宜住2人,2号紧邻杏岭中学/肿瘤医院/高速出口温馨的家
1条点评,整套出租/2室1厅/2张床/宜住4人,北美N1 蜗牛公寓，临近N1商场，山大，财大
1条点评,整套出租/1室1厅/1张床/宜住2人,『梦境白霜之语』〖河景房〗理工大学|下元
2条点评,整套出租/1室1厅/1张床/宜住2人,北美新天地  轻奢 绿野仙踪 影视大床房
3条点评,合住房间/1张床/宜住1人,长治路奥林花园墨天青旅
0条点评,整套出租/1室0厅/1张床/宜住2人,下元商业中心公寓繁花影院房
1条点评,整套出租/1室1厅/1张床/宜住2人,智能门锁，公元时代城二期北欧风格情侣大床房
2条点评,整套出租/1室0厅/1张床/宜住2人,太原之家～莱茵主题公寓
4.3分/30条点评,整套出租/1室0厅/1张床/宜住2人,山西大学锦东国际影厅主题房隔音超好
0条点评,整套出租/3室1厅/4张床/宜住6人,晋祠公园旁/三室一厅/独栋别墅/清风小院
5分/30条点评,整套出租/2室1厅/2张床/宜住4人,鑫源A（两个空调）南站，财大二居（可做饭）
3条点评,整套出租/1室1厅/1张床/宜住2人,清馨幽舍南站、北美N1、妇幼儿童医院一室一厅
2条点评,整套出租/1室1厅/1张床/宜住2人,『梦境冰火之歌』〖河景房〗理工大学|碑林公园
0条点评,整套出租/1室1厅/1张床/宜住2人,下元公元时代黄色经典恋家之旅智能门锁08
4.6分/17条点评,整套出租/1室0厅/1张床/宜住2人,北美新天地现代风影视水床百寸巨幕
4.3分/14条点评,整套出租/1室0厅/1张床/宜住2人,北美新天地时尚购物中心欧式复古文艺夜景大床房
0条点评,整套出租/1室0厅/1张榻榻米/宜住2人,长风街和信旁逸时光涯雨Ⅰ
3条点评,整套出租/2室0厅/3张床/宜住5人,步行3分钟长风商务区巨屏投影北欧两居可长租
1条点评,整套出租/1室0厅/1张床/宜住2人,晋阳街北美N1南站【依舍公寓】地中海圆床房
4.3分/5条点评,整套出租/1室1厅/1张床/宜住2人,北美新天地南园林大床房
1条点评,整套出租/1室0厅/1张床/宜住2人,晋阳街北美N1南站【依舍公寓】雅致大床房
2条点评,整套出租/1室0厅/1张床/宜住2人,粉色经典情侣之恋智能密码锁随时入住
0条点评,整套出租/1室0厅/1张床/宜住2人,【遇见】温泉度假小屋
5分/9条点评,整套出租/1室1厅/1张床/宜住2人,《喵小屋》A08 柳巷铜锣湾简约舒适阳光大床
1条点评,整套出租/2室1厅/2张床/宜住4人,《时光民宿》长风西街 近万科蓝山 朝阳大两居
2条点评,整套出租/1室1厅/1张床/宜住2人,下元中心一居独立温馨大气公寓情侣特大床整租
3条点评,整套出租/1室1厅/1张床/宜住2人,近王府井/北美/茂业 适合情侣出游温馨一居室
5分/7条点评,整套出租/1室1厅/1张床/宜住2人,年华似水高新区、北美N1、山大财大一室一厅
4.5分/13条点评,整套出租/1室0厅/1张床/宜住2人,太原市柳南民宿清新田园一居室
1条点评,整套出租/1室1厅/2张床/宜住4人,迎泽西大街清新简约大空间阳光房
4.6分/11条点评,整套出租/3室2厅/3张床/宜住6人,长风西街新晋祠路商务区三室两厅两卫
0条点评,整套出租/1室0厅/1张床/宜住2人,【影居】公主吊椅气球主题临近机场南站可做饭
0条点评,整套出租/1室0厅/1张床/宜住2人,【影居】轮胎吊椅布朗熊主题机场南站工商财大
1条点评,整套出租/1室0厅/1张床/宜住2人,【梵高先生】咖啡馆 投影房
4分/8条点评,整套出租/1室1厅/2张床铺/宜住4人,迎泽世纪城复式精品房
3条点评,整套出租/2室1厅/2张床铺/宜住4人,长风商务区北欧小情调网红空间整租
5分/7条点评,整套出租/1室0厅/1张床/宜住2人,太原南站白色之恋一室一厅带厨房南站机场可接。
1条点评,整套出租/2室1厅/2张床/宜住4人,【橙途】火车站/柳巷/铜锣湾温馨两居室
0条点评,整套出租/1室0厅/1张床/宜住2人,下元商贸 公元时代城 北欧风情 铁艺琉璃阁
0条点评,整套出租/1室0厅/1张床/宜住2人,下元商贸 理工大 港式风格 水晶琉璃阁
2条点评,整套出租/2室0厅/2张床/宜住4人,太原小店恒大绿洲阳光充沛整洁舒适大床房
4.3分/10条点评,整套出租/2室1厅/2张床/宜住4人,三才公寓长治路 亲贤街 茂业百盛王府井两居室
0条点评,整套出租/1室0厅/1张床/宜住2人,黄色经典，日式风格榻榻米情趣大床房。
1条点评,整套出租/2室1厅/2张床铺/宜住4人,太原北美N1【以家】南站机场2室1厅商旅套房
0条点评,整套出租/1室0厅/1张床/宜住2人,山西大学『念念精品民宿』近南站 含发票
0条点评,整套出租/1室0厅/1张床/宜住2人,【慕闲小筑】下元工大简欧田园大床房自助入住
0条点评,整套出租/1室0厅/1张床/宜住2人,下元商业中心精品公寓万爱庄园影院房
4.3分/16条点评,整套出租/1室0厅/1张床/宜住2人,柳巷南温馨公寓
4.8分/24条点评,整套出租/1室0厅/1张床/宜住2人,北美新天地欧式田园小清新大床房(电脑)
2条点评,整套出租/1室0厅/1张床/宜住2人,壹壹大床棋牌一居室（理工大，科技大西客站）
4.9分/9条点评,整套出租/2室1厅/2张床/宜住4人,【缘宿】机场南站山西大医院北美N1轻奢房
3条点评,整套出租/2室1厅/2张床/宜住4人,近南站，近机场北欧ins剧幕风两居
0条点评,独立单间/1张床/宜住2人,‖机场南站浪漫情侣套房‖商旅‖接受机服务
5分/5条点评,整套出租/1室1厅/1张床/宜住2人,【缘宿】影巢 头等舱120寸幕布影院房
5分/11条点评,整套出租/2室1厅/2张床/宜住4人,柳巷茂业时尚轻奢两居室
0条点评,整套出租/1室0厅/1张床/宜住2人,近N1【顺牛＆民宿】【按摩椅】豪华欧式独居室
4.9分/16条点评,整套出租/1室1厅/1张床/宜住2人,晋阳街北美N1文创区南站地中海风情一居室套房
4.9分/7条点评,整套出租/1室1厅/1张床/宜住2人,米高美长风CBD商圈北美新天地火烈鸟元素套房
4.9分/24条点评,整套出租/1室0厅/2张床/宜住3人,太原火车南站.机场阳光大床房(密码锁)
0条点评,整套出租/1室1厅/1张床/宜住2人,下元中心东方之韵55寸小米电视配定制书桌创意
1条点评,整套出租/2室1厅/2张床铺/宜住4人,近太原南站，火车站，白云寺现代简欧两居室
0条点评,独立单间/1张床/宜住2人,『机场南站影音大床房』北欧小情调/差旅/接机
3条点评,整套出租/1室1厅/1张床/宜住2人,【虞美人·听雨】复式轻奢梦幻投影 南站长风街
0条点评,整套出租/1室0厅/1张床/宜住2人,山西大学『念念精品民宿』近太原南站 含发票
1条点评,整套出租/1室0厅/1张床/宜住2人,下元中心精装公寓民宿阳光情侣大床房2007
4.9分/21条点评,整套出租/1室1厅/1张床/宜住2人,【缘宿】光影 极简100寸幕布智能影院房
2条点评,整套出租/1室0厅/1张床/宜住2人,晋阳街北美N1南站【依舍公寓】豪华大床房
4.9分/45条点评,整套出租/2室1厅/2张床/宜住4人,建设路与北中环交叉口，国越龙城
0条点评,整套出租/1室1厅/1张床/宜住2人,喵小屋 A10 铜锣湾温馨舒适大床房
2条点评,整套出租/1室1厅/1张床/宜住2人,【虞美人·梳楼】复式Loft带厨房小资ins
2条点评,整套出租/1室0厅/1张床/宜住2人,东京之恋大床房，智能门锁，50寸小米智能电视
0条点评,独立单间/2张床/宜住10人,电竞游戏/商旅/网红格调/聚会/紧邻机场南站
4.8分/13条点评,整套出租/3室2厅/3张床/宜住6人,23高铁站恒大绿洲三室一卫红灯笼
3条点评,整套出租/2室1厅/2张床/宜住4人,米高美长风CBD商圈北美新天地旁邂逅繁华两居
4.8分/4条点评,整套出租/1室0厅/1张床/宜住2人,小店区昌盛街宝莲寺简约时尚家居
0条点评,整套出租/2室1厅/2张床铺/宜住4人,万象城•长风商务区（配有投影仪麻将）哈哈民宿
4.9分/11条点评,整套出租/1室0厅/1张床/宜住2人,【少女】步行5分钟到火车站/五一广场情侣房
5分/5条点评,整套出租/1室0厅/1张床/宜住2人,太原南站超级豪华大床房
2条点评,整套出租/1室0厅/1张床/宜住2人,下元公元时代黄色经典恋家之旅智能门锁
3条点评,整套出租/2室2厅/2张床/宜住4人,市中心高档小区，两居整租，阳光充沛，配套齐全
0条点评,整套出租/1室0厅/1张床/宜住2人,万象城长风商务区高端公寓大床房一室/哈哈民宿
0条点评,整套出租/3室2厅/3张床/宜住6人,学府街/平阳路/汾河公园舒适三居室
2条点评,整套出租/1室0厅/1张床/宜住2人,晋阳街北美N1南站【依舍公寓】轻奢大床房
3.3分/22条点评,整套出租/1室0厅/1张床/宜住2人,西西里传说精致一居带厨房
1条点评,整套出租/2室2厅/2张床/宜住4人,糖巢金色年华夜景两居室
3条点评,整套出租/2室1厅/2张床/宜住4人,长风西街和平南路万科蓝山欧式风情2居室
0条点评,整套出租/1室0厅/1张床/宜住2人,公元时代城情侣独立智能门锁自动入住1023
0条点评,整套出租/2室1厅/3张床/宜住4人,东中环火车站东客站服装城温馨观景房
1条点评,整套出租/1室1厅/1张床/宜住2人,N1蜗牛公寓•云水地中海风情小屋
0条点评,整套出租/1室1厅/1张床/宜住2人,长风街阳光银座 蔚蓝星空影视大床房
5分/14条点评,整套出租/1室1厅/1张床/宜住2人,温馨舒适省人民医院附近并州北路鸿瑞佳园高层
0条点评,整套出租/2室1厅/2张床/宜住4人,巢寓  恒大绿洲两室一厅智能家居影院房2
0条点评,整套出租/2室1厅/2张床/宜住5人,紧邻晋祠公园，整套，复试氧吧大床房
0条点评,整套出租/1室1厅/1张床/宜住2人,北美n1附近南站lot大床空调 100寸影音
2条点评,整套出租/2室1厅/2张床/宜住4人,未晚公寓  柳巷小清新两居可做饭投影房
4.3分/5条点评,整套出租/1室1厅/1张床/宜住2人,清闲小筑高新区、北美N1妇幼儿童医院一室一厅
0条点评,整套出租/1室0厅/1张床/宜住2人,长风街和信旁逸时光涯雨Ⅳ
3.9分/4条点评,整套出租/1室1厅/1张床/宜住2人,【虞美人春花秋月何时了】南站机场长风loft
0条点评,整套出租/1室0厅/1张床/宜住2人,120寸投影大床，1室1厅，独立厨卫做饭洗衣
1条点评,整套出租/1室1厅/1张床/宜住2人,【蝶尚】近山西大学·新南站·彩色清新一居套房
5分/19条点评,整套出租/1室1厅/2张床/宜住3人,市中心 火车站附近 高档小区电脑空调地暖
2条点评,整套出租/1室1厅/1张床/宜住2人,【未莱公寓】北欧风格投影大床房配有麻将桌
0条点评,整套出租/1室1厅/1张床/宜住2人,下元商业中心精品公寓文艺一叶影院房
0条点评,整套出租/2室1厅/2张床/宜住4人,太原市近万象城欧洋清新两居室
5分/22条点评,整套出租/1室0厅/1张床/宜住2人,迎泽大街下元精装时尚一居室可做饭调味全
0条点评,整套出租/2室2厅/2张床/宜住4人,高层娱乐高清电影房，主题桌游房间
0条点评,整套出租/1室0厅/1张榻榻米/宜住2人,长风街和信旁逸时光涯雨Ⅱ
1条点评,整套出租/1室0厅/2张床/宜住3人,太原火车南站.山大.机场阳光三人房(密码锁)
5分/5条点评,整套出租/1室0厅/1张床/宜住2人,【梵高先生】星空 影院大床房
0条点评,整套出租/2室1厅/2张床/宜住4人,【橙途】近和平公园/万象城 儿童房两居室
0条点评,整套出租/1室0厅/2张床/宜住2人,【橙途】富力/万达广场 简约温馨一居室
4.8分/35条点评,整套出租/1室1厅/2张床/宜住3人,百年柳巷大标间-可做饭
0条点评,整套出租/1室0厅/1张床/宜住2人,晋阳街北美N1南站【依舍公寓】美式大床房
4.9分/9条点评,整套出租/1室0厅/1张床/宜住2人,太原北美N1【以家】南站机场开放式浴缸怡情房
0条点评,整套出租/2室1厅/2张床铺/宜住2人,太原宇航家庭公寓
4.9分/11条点评,整套出租/1室0厅/1张床/宜住3人,太原西客站安心家，公交高速超市清新宁怡可长租
0条点评,整套出租/2室1厅/2张床/宜住4人,N1蜗牛公寓·文创荷塘月色两室一厅
1条点评,整套出租/1室0厅/1张床/宜住2人,【幸福小窝】柳巷火车站繁华地段榻榻米大床房
1条点评,整套出租/3室1厅/3张床/宜住6人,长风街三室巨幕影院+棋牌套房
0条点评,整套出租/2室1厅/3张床/宜住5人,下元汽车站西侧，舒适两居室，大床，宜住五人！
5分/18条点评,整套出租/1室0厅/1张床/宜住2人,【缘宿】微影 智能灯控投影大床房
0条点评,整套出租/1室1厅/1张床/宜住2人,毛豆豆大套间一室一厅一厨一卫55平米舒适安逸
0条点评,整套出租/2室1厅/2张床/宜住4人,N1蜗牛公寓·北美文创雅客居
1条点评,整套出租/1室1厅/1张床/宜住2人,米高美长风CBD商圈北美新天地旁简约清馨套房
4.8分/9条点评,整套出租/1室0厅/1张床/宜住2人,太原北美N1【以家】南站机场开放式浴缸温情房
3条点评,整套出租/1室0厅/1张床/宜住2人,【梵高先生】杏花，北美N1投影大床房
5分/5条点评,独立单间/1张床/宜住2人,滨河东路汾河观景北欧大床民宿1号
1条点评,整套出租/1室0厅/1张床/宜住2人,近高铁（太原南）站，建南汽车站，现代简约小居
0条点评,整套出租/4室0厅/6张床/宜住10人,聚会/轰趴/电竞/电影/棋牌/组团/接送服务
0条点评,整套出租/1室1厅/1张床/宜住2人,【缘宿】偶遇南站机场北美N1红灯笼投影大床房
4.9分/14条点评,整套出租/1室0厅/1张床/宜住2人,临近太原南站，机场，（可接机）
0条点评,整套出租/2室1厅/2张床/宜住4人,【橙途】富力广场/近万达 如沐春风两居室
0条点评,整套出租/1室0厅/1张床/宜住2人,下元智诚御景阳光大床房单间整租
4.7分/52条点评,整套出租/2室2厅/2张床/宜住4人,1喜迎二青会·高速口欧式豪华双卧双卫景观美宅
5分/6条点评,整套出租/1室1厅/1张床/宜住2人,蓝朋友近火车站铜锣湾柳巷食品街五一广夜市
0条点评,整套出租/1室1厅/2张床/宜住4人,南站附近高配置电竞房整租
2条点评,整套出租/1室0厅/1张床/宜住2人,长治路逸时光简欧风格大床房
4.8分/5条点评,整套出租/2室2厅/2张床/宜住4人,北美新天地时尚购物中心附近美式豪华亲子房
3条点评,整套出租/1室0厅/1张床/宜住2人,【艺宿公寓】现代简约大床房/高铁南站、飞机场
0条点评,整套出租/1室1厅/2张床铺/宜住2人,太榆路蓝海汽配城聚瑞大民宿公寓楼整租
2条点评,整套出租/2室1厅/2张床铺/宜住6人,东景苑临近高铁站飞机场，惬意舒适的榻榻米屋
2条点评,整套出租/2室1厅/2张床铺/宜住4人,太原客运西站，“朴宿”精品民宿欢迎您的到来
0条点评,整套出租/2室1厅/2张床/宜住4人,「花间棠」南站/机场/清新两居大床房
0条点评,整套出租/1室0厅/1张床/宜住2人,下元理工大中心65平超大简欧风格摇摇椅大床房
2条点评,整套出租/2室1厅/2张床/宜住4人,恒大未来城轻奢Loft 商务公寓
5分/17条点评,整套出租/1室1厅/1张床/宜住2人,米高美长风CBD商圈北美新天地旁北欧风情套房
1条点评,整套出租/1室0厅/1张床/宜住2人,山西大医院，小马，龙城大街，平阳路，滨河东路
0条点评,整套出租/3室1厅/3张床铺/宜住4人,LOG雅居
0条点评,整套出租/1室0厅/1张床铺/宜住2人,雨竹情红色圆床
4.9分/16条点评,整套出租/3室1厅/3张床/宜住5人,接送近晋祠温馨三居室36可聚会
2条点评,整套出租/1室0厅/1张床/宜住2人,晋阳街 北美N1 南站飞机场/欧式精装一居室
0条点评,整套出租/1室0厅/1张床/宜住2人,智能门锁，绿色经典日式简约情侣大床房精装公寓
0条点评,整套出租/3室1厅/3张床/宜住6人,南中环/火车南站/机场温馨三居室
4.6分/8条点评,整套出租/1室0厅/1张床/宜住2人,暑期特促！南站机场落地玻璃大床房长风街商圈～
0条点评,整套出租/2室1厅/2张床/宜住4人,华峪南区 ，近下元，五十六中，迎泽大街，和平
0条点评,整套出租/2室0厅/2张床/宜住3人,下元铁道大厦旁，豪华精装两居，大床宜住三人！
0条点评,整套出租/1室0厅/1张床/宜住2人,工业复古房120寸投影大床独立厨卫洗衣做饭
2条点评,整套出租/1室0厅/1张床/宜住2人,壹壹民宿公寓酒吧风一居室（理工大、西客站）
5分/6条点评,整套出租/1室1厅/2张床/宜住2人,机场 南站 附近 快乐休憩小屋
2条点评,整套出租/2室1厅/2张床/宜住4人,火车南站飞机场山西大学财大南校两室一厅有空调
3.4分/4条点评,整套出租/2室1厅/2张床/宜住3人,太原长风街 北美新天地 豪华舒适2居室
4.2分/10条点评,整套出租/2室2厅/2张床/宜住4人,长风街北美新天地 舒适精品2室2厅套房
1条点评,整套出租/1室1厅/1张床/宜住2人,“半日闲雅居”虽无奢华更多的给你*真切的舒适
1条点评,整套出租/2室2厅/2张床/宜住4人,平阳路 长风街路口 平阳景苑高层住宅 大2居
0条点评,整套出租/1室0厅/2张床/宜住3人,《谷雨民宿》亲子房，城市中心设施齐全阳光满屋
4.9分/5条点评,整套出租/1室1厅/1张床/宜住2人,太原迎泽西大街奥林匹克花有电脑可上网拎包入住
0条点评,整套出租/1室0厅/1张床/宜住2人,【橙途】近下元理工大欧系温馨公寓式一居室
0条点评,整套出租/1室1厅/1张床/宜住2人,思寓公寓 loft大床房 南站飞机场大医院
1条点评,整套出租/2室1厅/2张床/宜住4人,长治路奥林花园智能门锁温馨两居室，近亲贤街长
1条点评,整套出租/1室1厅/1张床/宜住2人,欧洲印象一室一厅
3条点评,整套出租/1室0厅/2张床/宜住3人,热带雨林ins浪漫温馨大窗房 下元繁华商业区
3条点评,整套出租/1室1厅/1张床/宜住2人,温馨舒适并州北路省人民医院附近大床房
1条点评,整套出租/1室1厅/1张床/宜住2人,太原北美N1【以家】南站机场1室1厅清爽套房
3条点评,独立单间/1张床/宜住2人,滨河东路观景北欧大床民宿2号
2条点评,整套出租/1室1厅/1张床/宜住2人,北美N1 蜗牛公寓，临近N1商场，山大，财大
1条点评,整套出租/1室0厅/1张床/宜住2人,长风街北美新天地 市景开放式大床房
0条点评,整套出租/2室1厅/2张床/宜住4人,"山西肿瘤医院附近温馨
二居室/近火车站柳巷"
3条点评,整套出租/1室1厅/1张床/宜住2人,北美N1 蜗牛公寓，临近N1商场，山大，财大
4.2分/4条点评,整套出租/2室1厅/2张床/宜住4人,【橙途】柳巷/铜锣湾带阳台复式温馨两居
3条点评,独立单间/1张床/宜住2人,山大一院山西医科大学 迎泽公园迎泽大街民宿
0条点评,整套出租/1室0厅/1张床/宜住2人,近N1【顺牛＆民宿】【欧风】豪华欧式独居室
5分/4条点评,独立单间/1张床/宜住2人,科技大学新西客站万柏林实验中学西环兴华街民宿
0条点评,整套出租/2室1厅/2张床/宜住4人,《时光民宿》富力现代万科蓝山旁 休闲花语两居
0条点评,整套出租/1室0厅/1张床/宜住2人,缘小舍 •『悬空home』ins风/智能投影
0条点评,整套出租/1室0厅/1张床/宜住2人,波西米亚房120寸投影大床独立厨卫洗衣做饭
0条点评,整套出租/2室1厅/1张床/宜住4人,北美N1【以家】南站机场1室1厅名古屋套房
0条点评,整套出租/2室1厅/2张床/宜住4人,高层阳光充沛的俩室大床房，高配电脑开黑盘他！
1条点评,整套出租/1室0厅/1张床/宜住2人,优家house国际公寓阳光恋人大床房
